,epoch,dice_coef,iou,loss,lr,precision,recall,val_dice_coef,val_iou,val_loss,val_precision,val_recall,len_data
0,0,0.2151207625865936,0.1205265447497367,0.5189923048019409,0.0001,0.9966551065444946,0.0935428813099861,0.2086057364940643,0.1164517849683761,0.6264524459838867,0.0,0.0,50
1,1,0.2070550918579101,0.1154881492257118,0.4192536473274231,0.0001,0.9999976754188538,0.0275948569178581,0.2039226293563842,0.1135405749082565,0.5727688670158386,0.0,0.0,50
2,2,0.2045133411884308,0.1139110997319221,0.3917753398418426,0.0001,1.0,0.0230528879910707,0.2001368105411529,0.1111982241272926,0.5388780832290649,0.0,0.0,50
3,3,0.2061242163181305,0.1149127483367919,0.3815919756889343,0.0001,1.0,0.0221187230199575,0.1967537254095077,0.1091133505105972,0.5146541595458984,0.0,0.0,50
4,4,0.208146259188652,0.1161753684282302,0.3765963613986969,0.0001,1.0,0.0219437219202518,0.1933742016553878,0.1070384830236435,0.4944012761116028,0.0,0.0,50
5,5,0.2108568847179412,0.1178618147969245,0.3738457858562469,0.0001,1.0,0.0229021403938531,0.1898157298564911,0.104862131178379,0.4755216538906097,0.0,0.0,50
6,6,0.2145800590515136,0.1201936230063438,0.3719383180141449,0.0001,1.0,0.0239762030541896,0.1862435638904571,0.1026860699057579,0.4592570662498474,0.0,0.0,50
7,7,0.2168957144021988,0.1216505840420723,0.3705336451530456,0.0001,1.0,0.0242500007152557,0.1827552765607834,0.1005693301558494,0.4467938542366028,0.0,0.0,50
8,8,0.217825710773468,0.122246116399765,0.3701411783695221,0.0001,1.0,0.0250002294778823,0.1798661947250366,0.0988222658634185,0.4386735558509826,0.0,0.0,50
9,9,0.2170373499393463,0.1217444837093353,0.3700304627418518,0.0001,1.0,0.0245533473789691,0.1757580339908599,0.0963475704193115,0.428947389125824,0.0,0.0,50
10,10,0.2201845496892929,0.1237309426069259,0.3688311874866485,0.0001,1.0,0.0249720849096775,0.1722314655780792,0.0942320153117179,0.4227235317230224,0.0,0.0,50
11,11,0.2211953997611999,0.12436393648386,0.3684351146221161,0.0001,1.0,0.0251806546002626,0.1682628393173217,0.0918611139059066,0.4163385331630707,0.0,0.0,50
12,12,0.2218166887760162,0.124761514365673,0.3682474792003631,0.0001,1.0,0.025585351511836,0.1647381037473678,0.0897639617323875,0.4121401906013489,0.0,0.0,50
13,13,0.2226554602384567,0.1252881735563278,0.3678763508796692,0.0001,1.0,0.0257370565086603,0.1618506759405136,0.0880519747734069,0.4095340371131897,0.0,0.0,50
14,14,0.2243914306163787,0.1263896971940994,0.3672323822975158,0.0001,1.0,0.0256598312407732,0.1591706722974777,0.0864677801728248,0.4077475666999817,0.0,0.0,50
15,15,0.2236344814300537,0.1259078979492187,0.367250382900238,0.0001,1.0,0.0254942141473293,0.1559457182884216,0.0845675989985466,0.4052023887634277,0.0,0.0,50
16,16,0.2243008315563202,0.1263289004564285,0.3673079907894134,0.0001,1.0,0.0258863363415002,0.1532834619283676,0.0830039829015731,0.4036178588867187,0.0,0.0,50
17,17,0.2240571081638336,0.126172199845314,0.3671746253967285,0.0001,1.0,0.0255797356367111,0.1510317027568817,0.0816849917173385,0.4020709097385406,0.0,0.0,50
18,18,0.2243783622980117,0.1263796836137771,0.3672230541706085,0.0001,1.0,0.0257911775261163,0.1488988846540451,0.0804385989904403,0.4011970162391662,0.0,0.0,50
19,19,0.2245033681392669,0.1264591962099075,0.3670448660850525,0.0001,1.0,0.0258385986089706,0.1470143347978592,0.0793397203087806,0.4010213911533355,1.0,5.745302473769698e-07,50
20,20,0.2244337648153305,0.1264162957668304,0.3669818937778473,0.0001,1.0,0.0259321611374616,0.1445620357990265,0.0779131278395652,0.4006749093532562,1.0,5.936812613072107e-06,50
21,21,0.2226781100034713,0.1253027617931366,0.3674534559249878,0.0001,1.0,0.0254810657352209,0.1427674293518066,0.0768715739250183,0.4006626009941101,1.0,6.1283230934350286e-06,50
22,22,0.2223205715417862,0.1250755488872528,0.3678043484687805,0.0001,1.0,0.0258086659014225,0.141306847333908,0.0760252848267555,0.4004907011985779,1.0,1.5320807733587571e-06,50
23,23,0.2221158891916275,0.1249438971281051,0.3677025437355041,0.0001,1.0,0.0256286859512329,0.1402713805437088,0.0754265487194061,0.4005922675132751,1.0,5.841057645739056e-05,50
24,24,0.2230330854654312,0.125524565577507,0.3673408627510071,0.0001,1.0,0.0256212837994098,0.1399530917406082,0.075242131948471,0.4005215167999267,1.0,5.745302473769698e-07,50
25,25,0.2238610833883285,0.1260527521371841,0.3672230839729309,0.0001,1.0,0.0260316599160432,0.1507522314786911,0.0815311521291732,0.3947805762290954,1.0,0.0027290186844766,50
26,26,0.2245392501354217,0.1264843493700027,0.366650253534317,0.0001,1.0,0.0255929455161094,0.1581203639507293,0.0858663767576217,0.3911301493644714,1.0,0.004861291963607,50
27,27,0.2261690199375152,0.1275165230035781,0.3662617802619934,0.0001,1.0,0.0259045902639627,0.1480523943901062,0.0799530595541,0.3943014144897461,1.0,0.0023098031524568,50
28,28,0.2265906780958175,0.1277851015329361,0.3661013543605804,0.0001,1.0,0.0259867291897535,0.1431198418140411,0.0770806819200515,0.3958329558372497,1.0,0.0015225051902234,50
29,29,0.2272534817457199,0.1282062530517578,0.3660179078578949,0.0001,1.0,0.0262714400887489,0.1404022425413131,0.0755042433738708,0.3967392742633819,1.0,0.0009385909652337,50
30,30,0.2256305664777755,0.1271769702434539,0.3664949238300323,0.0001,1.0,0.0259098876267671,0.1642218232154846,0.0894798189401626,0.3871365785598755,1.0,0.0075470297597348,50
31,31,0.2243455201387405,0.1263585835695266,0.3668416440486908,0.0001,1.0,0.025673234835267,0.1728157550096511,0.0946196690201759,0.3840639293193817,1.0,0.0103965084999799,50
32,32,0.2246804237365722,0.1265683025121688,0.3668188154697418,0.0001,1.0,0.0258899107575416,0.1486646085977554,0.0803050324320793,0.3923004269599914,1.0,0.0032280939631164,50
33,33,0.225896880030632,0.1273452788591385,0.3664267957210541,0.0001,1.0,0.0261634532362222,0.1919681131839752,0.1062202304601669,0.3775007128715515,1.0,0.0161939021199941,50
34,34,0.22646065056324,0.1277046054601669,0.3659516870975494,0.0001,1.0,0.0258770193904638,0.1708147078752517,0.0934147238731384,0.3838290572166443,1.0,0.009563822299242,50
35,35,0.2274940460920334,0.1283615976572036,0.36572265625,0.0001,1.0,0.0261418167501688,0.1714249402284622,0.0937693417072296,0.3833601474761963,1.0,0.0097815692424774,50
36,36,0.2279414385557174,0.1286467164754867,0.3656154572963714,0.0001,1.0,0.0261376686394214,0.1741367876529693,0.095400370657444,0.3819732069969177,1.0,0.010465451516211,50
37,37,0.2279081493616104,0.1286261677742004,0.365690141916275,0.0001,1.0,0.0262260623276233,0.1872378438711166,0.1033336371183395,0.3779897391796112,1.0,0.0142579264938831,50
38,38,0.2275704592466354,0.1284123212099075,0.3657334148883819,0.0001,1.0,0.0260522104799747,0.1973695605993271,0.1095460876822471,0.374951034784317,1.0,0.0176604855805635,50
39,39,0.2272547632455825,0.1282095462083816,0.3658343851566314,0.0001,1.0,0.0259895380586385,0.1974624395370483,0.1096115112304687,0.3738664388656616,1.0,0.0177104696631431,50
40,40,0.2275324463844299,0.1283857822418213,0.3657574653625488,0.0001,1.0,0.026153240352869,0.1995187699794769,0.1108797043561935,0.3732257783412933,1.0,0.0182765740901231,50
41,41,0.2277235686779022,0.1285083442926406,0.3656855821609497,0.0001,1.0,0.0261672176420688,0.19282166659832,0.1067476496100425,0.3749163746833801,1.0,0.0158882513642311,50
42,42,0.227977305650711,0.1286710798740387,0.3655286431312561,0.0001,1.0,0.0261215213686227,0.2008256018161773,0.1116800755262374,0.3730212152004242,1.0,0.0185891184955835,50
43,43,0.228079468011856,0.1287354975938797,0.365508496761322,0.0001,1.0,0.0260496586561203,0.2039401531219482,0.1136206239461898,0.3715910613536834,1.0,0.0196489356458187,50
44,44,0.2282887548208236,0.1288681328296661,0.3654375374317169,0.0001,1.0,0.0261346045881509,0.2078239470720291,0.1160329729318618,0.3707039356231689,1.0,0.0210193805396556,50
45,45,0.2284016609191894,0.1289406865835189,0.3654475808143616,0.0001,1.0,0.0261688772588968,0.2043689787387848,0.1138789281249046,0.3710539042949676,1.0,0.0194501485675573,50
46,46,0.2286251038312912,0.1290832459926605,0.365317165851593,0.0001,1.0,0.0262069161981344,0.2008406817913055,0.1116875186562538,0.3724433481693268,1.0,0.0185439214110374,50
47,47,0.2284183055162429,0.1289519518613815,0.3654221594333648,0.0001,1.0,0.0261138621717691,0.2071797549724578,0.1156313866376876,0.3705886006355285,1.0,0.0207215826958417,50
48,48,0.2284528315067291,0.1289725750684738,0.3653337359428406,0.0001,1.0,0.0260594226419925,0.2094166725873947,0.1170223355293273,0.3700275421142578,1.0,0.0214688554406166,50
49,49,0.2286414951086044,0.1290929913520813,0.3653726875782013,0.0001,1.0,0.0262256786227226,0.2067983895540237,0.1153852716088295,0.3703394830226898,1.0,0.0201692674309015,50
50,0,0.2069790810346603,0.1154410392045974,0.5185670852661133,0.0001,0.9886249303817748,0.0718224495649337,0.2081779092550277,0.1161836683750152,0.6235610246658325,0.943185567855835,0.0003665287222247,75
51,1,0.2007110267877578,0.1115588098764419,0.4043869972229004,0.0001,0.9998143315315248,0.0210847631096839,0.2038994580507278,0.1135247945785522,0.5656402111053467,0.9005281329154968,0.0046133869327604,75
52,2,0.1983626037836074,0.1101186573505401,0.3842256665229797,0.0001,0.9999781250953674,0.0194386634975671,0.2016989886760711,0.1121621206402778,0.5453899502754211,0.92246276140213,0.0052199712954461,75
53,3,0.2004496753215789,0.1114099770784378,0.3775738179683685,0.0001,1.0,0.0199945848435163,0.1984834671020507,0.1101770401000976,0.5211034417152405,0.9983790516853333,0.0044019180350005,75
54,4,0.2049765586853027,0.1142079532146453,0.3738196492195129,0.0001,1.0,0.021365188062191,0.1938488483428955,0.1073282957077026,0.4942229092121124,1.0,0.0036304467357695,75
55,5,0.2086928039789199,0.1165230795741081,0.3713669180870056,0.0001,1.0,0.0220921263098716,0.1883019059896469,0.1039379313588142,0.4686898589134216,1.0,0.0018827988533303,75
56,6,0.2111183851957321,0.1180381774902343,0.370150625705719,0.0001,1.0,0.0227517448365688,0.1826993227005005,0.10053451359272,0.4493069052696228,1.0,0.001626024604775,75
57,7,0.2092497646808624,0.1168749928474426,0.3705689013004303,0.0001,1.0,0.0224760919809341,0.1752344369888305,0.0960320979356765,0.4315940141677856,0.0,0.0,75
58,8,0.212763637304306,0.1190655976533889,0.3691723346710205,0.0001,1.0,0.0233049858361482,0.1693786084651947,0.0925260186195373,0.4199987351894378,0.0,0.0,75
59,9,0.215545654296875,0.1208141818642616,0.368164449930191,0.0001,1.0,0.0238196272403001,0.1646160781383514,0.0896909981966018,0.4136039018630981,0.0,0.0,75
60,10,0.2157800495624542,0.1209641471505165,0.3677923083305359,0.0001,1.0,0.023806182667613,0.1590905785560608,0.0864201635122299,0.4076848030090332,0.0,0.0,75
61,11,0.2168136537075042,0.1216113343834877,0.3675888478755951,0.0001,1.0,0.0240260120481252,0.1559023559093475,0.0845419317483902,0.4046421349048614,0.0,0.0,75
62,12,0.21708545088768,0.1217816397547721,0.3674522340297699,0.0001,1.0,0.0241566896438598,0.1536482572555542,0.0832178741693496,0.403125911951065,0.0,0.0,75
63,13,0.2173402458429336,0.1219455599784851,0.3671775758266449,0.0001,1.0,0.0241286922246217,0.1505064368247985,0.0813778936862945,0.4006513059139251,0.0,0.0,75
64,14,0.2180563956499099,0.122402049601078,0.3668863475322723,0.0001,1.0,0.0240685231983661,0.1469288170337677,0.0792904198169708,0.3974520862102508,1.0,1.276214192102998e-07,75
65,15,0.2192112654447555,0.123125210404396,0.3665431439876556,0.0001,1.0,0.0243192464113235,0.1450986415147781,0.0782252103090286,0.3977832496166229,0.0,0.0,75
66,16,0.2205330580472946,0.1239555403590202,0.3661756217479706,0.0001,1.0,0.0246451217681169,0.1424362808465957,0.0766797140240669,0.3974873423576355,0.0,0.0,75
67,17,0.219853013753891,0.1235307902097702,0.3662028908729553,0.0001,1.0,0.0243792068213224,0.1401326805353164,0.0753461122512817,0.3968655467033386,1.0,3.828642718417541e-07,75
68,18,0.2197477966547012,0.123465359210968,0.3662711381912231,0.0001,1.0,0.0244151577353477,0.1384444385766983,0.0743709355592727,0.3966142535209656,1.0,7.606236613355577e-05,75
69,19,0.2196889370679855,0.1234239190816879,0.3664502501487732,0.0001,1.0,0.0247646551579237,0.1446921825408935,0.0779920667409896,0.3939887583255768,1.0,0.0018466820474714,75
70,20,0.2192845344543457,0.1231731846928596,0.3662583529949188,0.0001,1.0,0.0241861827671527,0.1441048830747604,0.077648214995861,0.3928283154964447,1.0,0.0018249863060191,75
71,21,0.2207187414169311,0.124076634645462,0.3659707903861999,0.0001,1.0,0.0246868655085563,0.1505148410797119,0.0813865512609481,0.389999121427536,1.0,0.0038425533566623,75
72,22,0.2214299440383911,0.1245264038443565,0.3656024634838104,0.0001,1.0,0.0245113335549831,0.1472370326519012,0.0794718787074089,0.3914958238601684,1.0,0.0031647561118006,75
73,23,0.2214021682739257,0.1245092824101448,0.3656422793865204,0.0001,1.0,0.0246230382472276,0.1694384962320327,0.0925741344690322,0.382997989654541,1.0,0.0092477034777402,75
74,24,0.221369057893753,0.1244874522089958,0.3656742870807647,0.0001,1.0,0.0246646534651517,0.1731864809989929,0.0948125123977661,0.3816062808036804,1.0,0.0104786120355129,75
75,25,0.2217113077640533,0.1247045993804931,0.3655218482017517,0.0001,1.0,0.024612994864583,0.1679824143648147,0.0916987955570221,0.3834716081619262,1.0,0.0090525709092617,75
76,26,0.221871480345726,0.1248041540384292,0.3654478192329407,0.0001,1.0,0.0246703531593084,0.1849359720945358,0.1019118055701255,0.3777483999729156,1.0,0.0140934893861413,75
77,27,0.2221337258815765,0.1249719485640525,0.3653525412082672,0.0001,1.0,0.0246561039239168,0.1925314366817474,0.1065436229109764,0.3755820691585541,1.0,0.0169298760592937,75
78,28,0.2221765667200088,0.1249980106949806,0.3653755187988281,0.0001,1.0,0.0246933344751596,0.1934732049703598,0.1071178242564201,0.3761340975761413,1.0,0.0172881092876195,75
79,29,0.2212538719177246,0.1244134157896041,0.3656339347362518,0.0001,1.0,0.0245771631598472,0.1908203065395355,0.1055011227726936,0.3760352432727813,1.0,0.016224255785346,75
80,30,0.2216721624135971,0.1246813610196113,0.3655258119106293,0.0001,1.0,0.024635462090373,0.1896232366561889,0.1047554537653923,0.3757496178150177,1.0,0.0159018840640783,75
81,31,0.2217198610305786,0.1247099041938781,0.3655353188514709,0.0001,1.0,0.0248240157961845,0.2059552520513534,0.1148190349340438,0.3729037344455719,1.0,0.0213086940348148,75
82,32,0.2213330268859863,0.1244672089815139,0.3656549155712127,0.0001,1.0,0.0246476326137781,0.2120791673660278,0.1186399757862091,0.3718429803848266,1.0,0.024141252040863,75
83,33,0.2212560623884201,0.1244196817278862,0.3656741976737976,0.0001,1.0,0.0247011613100767,0.2005562633275985,0.1114669293165206,0.3729588389396667,1.0,0.0195088498294353,75
84,34,0.2212601751089096,0.1244207695126533,0.3656668066978454,0.0001,1.0,0.0247458033263683,0.2116047292947769,0.1183453649282455,0.3709727525711059,1.0,0.0231512915343046,75
85,35,0.2213506698608398,0.1244767978787422,0.3655766248703003,0.0001,1.0,0.0246460977941751,0.2147603332996368,0.1203285530209541,0.3704931437969208,1.0,0.0249387584626674,75
86,36,0.2216337174177169,0.1246561184525489,0.3655049204826355,0.0001,1.0,0.0247609075158834,0.2144758105278015,0.1201547384262085,0.3701049983501434,1.0,0.0246833879500627,75
87,37,0.2204024493694305,0.1238723918795585,0.3658728301525116,0.0001,1.0,0.0245215892791748,0.2088259607553482,0.116600900888443,0.3722347319126129,1.0,0.0238825622946023,75
88,38,0.2207028120756149,0.1240654736757278,0.3658359944820404,0.0001,1.0,0.0246289558708667,0.2199886888265609,0.1236211955547332,0.3721895813941955,1.0,0.0295998752117156,75
89,39,0.2213581800460815,0.1244828626513481,0.3656235933303833,0.0001,1.0,0.024681631475687,0.215763509273529,0.1209571659564971,0.3715845048427582,1.0,0.0281587745994329,75
90,40,0.2222835123538971,0.1250690966844558,0.3653724789619446,0.0001,1.0,0.0248905252665281,0.2074284702539444,0.1157441213726997,0.3710450530052185,1.0,0.0231275539845228,75
91,41,0.2221250087022781,0.1249683126807212,0.3652771711349487,0.0001,1.0,0.0246360152959823,0.20484659075737,0.1141586303710937,0.3718391060829162,1.0,0.0219852142035961,75
92,42,0.221535250544548,0.1245951429009437,0.3658156394958496,1e-05,1.0,0.025515979155898,0.2124904245138168,0.1189168542623519,0.3700697720050812,1.0,0.0228658020496368,75
93,43,0.2225255519151687,0.1252233833074569,0.3650747835636139,1e-05,1.0,0.0246713738888502,0.2127592712640762,0.1190826073288917,0.3698776364326477,1.0,0.0232708733528852,75
94,44,0.2228313982486724,0.1254168599843979,0.3650037050247192,1e-05,1.0,0.0248067826032638,0.2127669751644134,0.1190869659185409,0.3698900640010834,1.0,0.0232442002743482,75
95,45,0.2229582071304321,0.1254971921443939,0.3649744391441345,1e-05,1.0,0.0248198024928569,0.2123015969991684,0.1187951788306236,0.3699410557746887,1.0,0.0230130776762962,75
96,46,0.2230729013681411,0.1255699396133422,0.3649401664733886,1e-05,1.0,0.0248123984783887,0.2118579596281051,0.1185171902179718,0.3699902296066284,1.0,0.0228226669132709,75
97,47,0.2231609970331192,0.1256257891654968,0.3649135529994964,1e-05,1.0,0.0248101036995649,0.2114407420158386,0.1182559579610824,0.3700422346591949,1.0,0.0226484630256891,75
98,48,0.2232382744550705,0.1256747841835022,0.3648913204669952,1e-05,1.0,0.0248122289776802,0.2111005634069442,0.1180430203676223,0.3700924515724182,1.0,0.0225018262863159,75
99,49,0.2234983444213867,0.1258400231599807,0.3648578524589538,1e-06,1.0,0.0248080156743526,0.2106208950281143,0.1177431121468544,0.370125949382782,1.0,0.0223583802580833,75
100,0,0.2109692543745041,0.1179457381367683,0.47415491938591,0.0001,0.9966686964035034,0.056157287210226,0.2093710899353027,0.1169276013970375,0.6250057816505432,0.0,0.0,100
101,1,0.2013735175132751,0.1119812577962875,0.3894502520561218,0.0001,0.999684512615204,0.0219426192343235,0.2050985842943191,0.1142688393592834,0.5780009031295776,0.0,0.0,100
102,2,0.2029522508382797,0.1129593700170517,0.3785500228404999,0.0001,0.9998072385787964,0.0216805003583431,0.2000786811113357,0.1111610531806945,0.5320053696632385,0.0,0.0,100
103,3,0.2091731131076812,0.1168283522129058,0.3739476203918457,0.0001,0.9998968839645386,0.023202795535326,0.1947389096021652,0.1078742370009422,0.4950045943260193,0.0,0.0,100
104,4,0.2144859135150909,0.1201539412140846,0.3712572753429413,0.0001,0.9999895095825196,0.0243953242897987,0.1890773773193359,0.1044105067849159,0.4656252264976501,0.0,0.0,100
105,5,0.2157370001077652,0.1209388300776481,0.3703979551792145,0.0001,1.0,0.0247116647660732,0.1831576526165008,0.100811943411827,0.443524420261383,0.0,0.0,100
106,6,0.2183413207530975,0.1225786358118057,0.3695406913757324,0.0001,1.0,0.0254652760922908,0.1750874817371368,0.0959437489509582,0.4248902201652527,0.0,0.0,100
107,7,0.2196641564369201,0.123412013053894,0.3687850534915924,0.0001,1.0,0.0253818612545728,0.1666103899478912,0.0908762589097023,0.4133906960487366,0.0,0.0,100
108,8,0.2209201157093048,0.1242094039916992,0.3683322072029114,0.0001,1.0,0.0256839077919721,0.1592897474765777,0.0865376368165016,0.4068520963191986,0.0,0.0,100
109,9,0.2206357568502426,0.124028667807579,0.3684355020523071,0.0001,1.0,0.0256947893649339,0.1527495831251144,0.0826906785368919,0.4031995832920074,0.0,0.0,100
110,10,0.2216809391975402,0.124689906835556,0.3679862320423126,0.0001,1.0,0.025628475472331,0.1475659310817718,0.0796609073877334,0.4009802937507629,0.0,0.0,100
111,11,0.2228676527738571,0.1254455000162124,0.3676368594169616,0.0001,1.0,0.0259753819555044,0.1454561203718185,0.0784326642751693,0.4002756476402282,1.0,3.063339136133436e-06,100
112,12,0.2237715125083923,0.1260147243738174,0.3672654330730438,0.0001,1.0,0.0259024053812026,0.1425933986902237,0.0767704471945762,0.3999007642269134,0.0,0.0,100
113,13,0.2248151153326034,0.1266807913780212,0.3669211268424988,0.0001,1.0,0.0261344872415065,0.14101442694664,0.075856052339077,0.3990016877651214,1.0,2.891026451834477e-05,100
114,14,0.2250916659832,0.1268591284751892,0.3668364286422729,0.0001,1.0,0.0261350385844707,0.1480676829814911,0.0799613520503044,0.3944423794746399,1.0,0.0015892987139523,100
115,15,0.2249466478824615,0.1267660111188888,0.366829514503479,0.0001,1.0,0.0261489823460578,0.1593230068683624,0.0865718275308609,0.3889832198619842,1.0,0.0050252163782715,100
116,16,0.2244817614555359,0.1264710128307342,0.3670246303081512,0.0001,1.0,0.0260825082659721,0.1765109598636627,0.0968363136053085,0.3823121190071106,1.0,0.0111038386821746,100
117,17,0.2251937687397003,0.1269236505031585,0.3666964471340179,0.0001,1.0,0.0261952877044677,0.193538025021553,0.1071756333112716,0.3766506612300873,1.0,0.0168046168982982,100
118,18,0.2256614416837692,0.1272212862968444,0.3665437698364258,0.0001,1.0,0.026128077879548,0.1909536272287368,0.1055981665849685,0.3765445351600647,1.0,0.0156539510935544,100
119,19,0.2268742173910141,0.1279948502779007,0.3661456108093261,0.0001,1.0,0.0262882094830274,0.182323008775711,0.1003456115722656,0.3792673945426941,1.0,0.0129939187318086,100
120,20,0.2272316515445709,0.1282235532999038,0.3660316467285156,0.0001,1.0,0.0263160038739442,0.2029324769973755,0.1129666417837143,0.373614639043808,1.0,0.0202204324305057,100
121,21,0.22696353495121,0.1280519217252731,0.3660782277584076,0.0001,1.0,0.0262094531208276,0.2032948434352874,0.1131970658898353,0.3729946315288543,1.0,0.0199796725064516,100
122,22,0.2272654175758361,0.1282459795475006,0.3660045564174652,0.0001,1.0,0.0263110548257827,0.1941028088331222,0.1075251549482345,0.3746925294399261,1.0,0.016620434820652,100
123,23,0.2279749512672424,0.1286977380514145,0.3657645881175995,0.0001,1.0,0.0263790264725685,0.2018868029117584,0.1123179644346237,0.3727146089076996,1.0,0.01907579600811,100
124,24,0.2283305674791336,0.128925159573555,0.3656120300292969,0.0001,1.0,0.0262988675385713,0.203620359301567,0.1133925914764404,0.372330367565155,1.0,0.0196769759058952,100
125,25,0.2285324484109878,0.1290548890829086,0.3655548095703125,0.0001,1.0,0.0263475012034177,0.2071190178394317,0.1155624538660049,0.3712463974952698,1.0,0.0206887405365705,100
126,26,0.2285517007112503,0.1290666759014129,0.3655701875686645,0.0001,1.0,0.0264099836349487,0.2122021168470382,0.118735447525978,0.370728462934494,1.0,0.0225413907319307,100
127,27,0.2286816239356994,0.1291505247354507,0.3655378222465515,0.0001,1.0,0.0264102723449468,0.2119520008563995,0.1185821518301963,0.3709048330783844,1.0,0.0226892922073602,100
128,28,0.2286279648542404,0.1291152387857437,0.3654656708240509,0.0001,1.0,0.0262516718357801,0.2048782110214233,0.1141723245382309,0.3717823922634125,1.0,0.0204073917120695,100
129,29,0.2290518432855606,0.1293848156929016,0.3654004037380218,0.0001,1.0,0.0264327675104141,0.2075976580381393,0.1158585548400878,0.3712484538555145,1.0,0.0210032109171152,100
130,30,0.2291810065507888,0.1294675916433334,0.3653312027454376,0.0001,1.0,0.0264405235648155,0.2050766199827194,0.1143003851175308,0.3718916475772857,1.0,0.020057501271367,100
131,31,0.2289961129426956,0.1293498128652572,0.3653444051742553,0.0001,1.0,0.0263145677745342,0.2043746709823608,0.1138646751642227,0.3726728856563568,1.0,0.0205368176102638,100
132,32,0.2290321886539459,0.1293751746416092,0.3655513226985931,1e-05,1.0,0.0266613494604825,0.2130274325609207,0.1192557364702224,0.3706285357475281,1.0,0.0237799361348152,100
133,33,0.2294069975614547,0.1296142637729644,0.3651973009109497,1e-05,1.0,0.0263605173677206,0.2120638340711593,0.118651308119297,0.3705669939517975,1.0,0.0234134849160909,100
134,34,0.2295491844415664,0.1297049969434738,0.365145742893219,1e-05,1.0,0.0264251381158828,0.2114193439483642,0.1182481199502945,0.3705647885799408,1.0,0.0231209360063076,100
135,35,0.229619413614273,0.1297499686479568,0.3651135265827179,1e-05,1.0,0.0264134667813777,0.2108497321605682,0.1178921237587928,0.3705939352512359,1.0,0.0229023862630128,100
136,36,0.2296994179487228,0.1298011392354965,0.3650888800621032,1e-05,1.0,0.0264150258153677,0.2104365825653076,0.1176340356469154,0.3706246614456177,1.0,0.0227233711630105,100
137,37,0.2297654598951339,0.1298434138298034,0.3650683462619781,1e-05,1.0,0.0264186970889568,0.2101043760776519,0.1174265891313552,0.3706564307212829,1.0,0.0225792024284601,100
138,38,0.2298186868429184,0.1298774480819702,0.365051120519638,1e-05,1.0,0.0264205783605575,0.2098253220319748,0.1172524094581604,0.3706889748573303,1.0,0.0224651899188756,100
139,39,0.2297869324684143,0.1298574656248092,0.3650240302085876,1e-06,1.0,0.0264878813177347,0.2097140848636627,0.1171832084655761,0.3707247376441955,1.0,0.0223540477454662,100
140,40,0.2298797219991684,0.1299168020486831,0.365020215511322,1e-06,1.0,0.0264549143612384,0.2096432894468307,0.1171392053365707,0.3707464635372162,1.0,0.0222846437245607,100
141,41,0.2299147248268127,0.1299391835927963,0.3650177717208862,1e-06,1.0,0.0264370739459991,0.2095921039581298,0.1171073317527771,0.3707605004310608,1.0,0.0222481712698936,100
142,42,0.2299193292856216,0.1299421787261963,0.3650161623954773,1e-06,1.0,0.0264292545616626,0.2095705270767212,0.1170939058065414,0.3707682192325592,1.0,0.0222321841865777,100
143,43,0.2299188077449798,0.1299418359994888,0.365014910697937,1e-06,1.0,0.0264255553483963,0.2095569372177124,0.1170854791998863,0.3707746863365173,1.0,0.0222208891063928,100
144,44,0.2299214154481887,0.1299435347318649,0.3650127351284027,1e-07,1.0,0.0264318101108074,0.2095788270235061,0.1170991659164428,0.3707769811153412,1.0,0.0222257710993289,100
145,45,0.2299223244190216,0.1299441307783126,0.3650125563144684,1e-07,1.0,0.0264311730861663,0.2095980197191238,0.1171111688017845,0.3707780838012695,1.0,0.0222285464406013,100
146,46,0.2299227267503738,0.1299443691968917,0.3650124967098236,1e-07,1.0,0.026430282741785,0.2096107006072998,0.1171190962195396,0.3707794547080993,1.0,0.0222303662449121,100
147,47,0.2299229800701141,0.1299445182085037,0.3650123178958893,1e-07,1.0,0.0264291930943727,0.209616333246231,0.1171226501464843,0.3707804381847381,1.0,0.0222305562347173,100
148,48,0.2299228608608245,0.1299444735050201,0.3650122582912445,1e-07,1.0,0.0264288708567619,0.2096223384141922,0.1171264052391052,0.3707817196846008,1.0,0.0222316104918718,100
149,49,0.229922667145729,0.1299443542957306,0.3650121390819549,1e-07,1.0,0.0264283996075391,0.2096256017684936,0.1171284466981887,0.3707827031612396,1.0,0.0222330465912818,100
150,0,0.2136040031909942,0.1195932924747467,0.498892217874527,0.0001,0.9938668608665466,0.0881368517875671,0.2075817734003067,0.1158138886094093,0.6189247965812683,1.0,2.6429186618770476e-05,125
151,1,0.2039786428213119,0.1135955452919006,0.3914330303668976,0.0001,0.9995391964912416,0.0231511872261762,0.2023271173238754,0.1125520914793014,0.5602104067802429,1.0,0.0019152350723743,125
152,2,0.2060233354568481,0.1148640736937522,0.3779160976409912,0.0001,0.999983012676239,0.0225366558879613,0.1945400238037109,0.107753112912178,0.5070390701293945,1.0,1.5321267710532993e-05,125
153,3,0.2096859365701675,0.1171498894691467,0.3735820651054382,0.0001,1.0,0.0237004626542329,0.1837569177150726,0.1011757552623748,0.4606212973594665,1.0,1.5321267710532993e-05,125
154,4,0.2127951383590698,0.1190968677401542,0.3711363077163696,0.0001,1.0,0.0242040585726499,0.1728549301624298,0.0946048647165298,0.4321514964103699,1.0,1.5321267710532993e-05,125
155,5,0.2147107869386673,0.1203017085790634,0.3698877692222595,0.0001,1.0,0.0243580248206853,0.1630750745534896,0.0887768119573593,0.4154171049594879,1.0,1.4785023267904762e-05,125
156,6,0.2155795395374298,0.120845541357994,0.3692674040794372,0.0001,1.0,0.0246790908277034,0.1560742706060409,0.0846428945660591,0.4076055288314819,1.0,1.3329503417480735e-05,125
157,7,0.21588696539402,0.1210423484444618,0.3689919114112854,0.0001,1.0,0.024776192381978,0.1497333496809005,0.0809257328510284,0.4019663333892822,0.0,0.0,125
158,8,0.2184144109487533,0.1226334571838378,0.368003249168396,0.0001,1.0,0.024931252002716,0.1439945846796035,0.0775835514068603,0.3979233205318451,0.0,0.0,125
159,9,0.219601884484291,0.1233832091093063,0.3675586581230163,0.0001,1.0,0.0250757336616516,0.1406581103801727,0.0756498500704765,0.3970025777816772,0.0,0.0,125
160,10,0.2197304964065551,0.1234637051820755,0.3674152791500091,0.0001,1.0,0.0250028669834136,0.1377338320016861,0.0739609003067016,0.3957846462726593,0.0,0.0,125
161,11,0.220495119690895,0.1239480376243591,0.3671918213367462,0.0001,1.0,0.0252058263868093,0.1485244631767273,0.0802237167954444,0.3891607224941253,1.0,0.0019385999767109,125
162,12,0.2202408462762832,0.1237929463386535,0.3672041594982147,0.0001,1.0,0.0251291748136281,0.1819236427545547,0.1000813394784927,0.3782424926757812,1.0,0.0139058120548725,125
163,13,0.220439463853836,0.123915359377861,0.3671376705169678,0.0001,1.0,0.0251590460538864,0.1832883507013321,0.1009030789136886,0.3776949644088745,1.0,0.0144588332623243,125
164,14,0.2224676460027694,0.1251976042985916,0.3663885593414306,0.0001,1.0,0.0252788197249174,0.1810626834630966,0.0995701178908348,0.3771098852157593,1.0,0.0136848799884319,125
165,15,0.2233115285634994,0.1257327944040298,0.366152822971344,0.0001,1.0,0.0253520216792821,0.1819187849760055,0.1000922620296478,0.3767443597316742,1.0,0.0142722968012094,125
166,16,0.2236048579216003,0.1259191334247589,0.3659992218017578,0.0001,1.0,0.0253880247473716,0.2012022137641906,0.1118899583816528,0.37300506234169,1.0,0.0218836739659309,125
167,17,0.2231450825929641,0.1256305873394012,0.3661628067493438,0.0001,1.0,0.0253512039780616,0.1994625478982925,0.1108214035630226,0.3732415437698364,1.0,0.0211165379732847,125
168,18,0.2226133793592453,0.1252954304218292,0.3664369583129883,0.0001,1.0,0.0254183523356914,0.2007224261760711,0.1116032600402832,0.3734577596187591,1.0,0.0213613715022802,125
169,19,0.2230981290340423,0.1256017237901687,0.3661479651927948,0.0001,1.0,0.025374237447977,0.2050917297601699,0.1143012344837188,0.372089147567749,1.0,0.0227363780140876,125
170,20,0.2239801436662674,0.1261613517999649,0.3659135401248932,0.0001,1.0,0.0255595222115516,0.2086698710918426,0.1165350824594497,0.3726638555526733,1.0,0.0254148431122303,125
171,21,0.2236993461847305,0.1259840577840805,0.3659980893135071,0.0001,1.0,0.0254345163702964,0.2119944244623184,0.1186128109693527,0.37281134724617,1.0,0.0270965807139873,125
172,22,0.2230724990367889,0.1255849450826645,0.3661002218723297,0.0001,1.0,0.0253147166222333,0.2147277295589447,0.1203246638178825,0.3740732073783874,1.0,0.0293094329535961,125
173,23,0.2233649790287017,0.1257670670747757,0.3660277128219604,0.0001,1.0,0.0253961104899644,0.2088579833507537,0.1166567280888557,0.3719978630542755,1.0,0.0244172755628824,125
174,24,0.2245610654354095,0.1265322864055633,0.3657493889331817,0.0001,1.0,0.0256192162632942,0.2038533985614776,0.1135383322834968,0.3723225891590118,1.0,0.022394023835659,125
175,25,0.2245786339044571,0.1265380680561065,0.3654717206954956,1e-05,1.0,0.0253696162253618,0.2035200744867324,0.1133309751749038,0.3717534244060516,1.0,0.0217843148857355,125
176,26,0.2256938517093658,0.1272473782300949,0.3652085661888122,1e-05,1.0,0.0255452003329992,0.2021986693143844,0.1125121489167213,0.371902734041214,1.0,0.0212000384926795,125
177,27,0.2258412390947342,0.1273415982723236,0.3651469051837921,1e-05,1.0,0.0255306214094162,0.2015057504177093,0.1120831817388534,0.3720129132270813,1.0,0.0209221877157688,125
178,28,0.2259891927242279,0.1274360120296478,0.3651052713394165,1e-05,1.0,0.0255411155521869,0.2010326534509658,0.1117905676364898,0.3721022009849548,1.0,0.0207490567117929,125
179,29,0.2261064201593399,0.1275109350681305,0.3650715947151184,1e-05,1.0,0.0255456585437059,0.2006272226572036,0.1115397363901138,0.3721919953823089,1.0,0.0205872636288404,125
180,30,0.226207286119461,0.1275753676891327,0.3650431931018829,1e-05,1.0,0.0255491025745868,0.2002875655889511,0.1113297641277313,0.3722757697105407,1.0,0.0204633921384811,125
181,31,0.2259537279605865,0.1274149566888809,0.3650141358375549,1e-06,1.0,0.0254557356238365,0.2006371766328811,0.1115461066365242,0.3722385764122009,1.0,0.0205809064209461,125
182,32,0.2261097878217697,0.1275142431259155,0.3650103509426117,1e-06,1.0,0.0255039613693952,0.2008523941040039,0.1116793006658554,0.3722220659255981,1.0,0.0206510778516531,125
183,33,0.2262007743120193,0.1275721341371536,0.3650076985359192,1e-06,1.0,0.0255306977778673,0.2009783834218979,0.1117572635412216,0.3722178339958191,1.0,0.0206865463405847,125
184,34,0.2262516766786575,0.127604529261589,0.365005224943161,1e-06,1.0,0.0255419127643108,0.2010416835546493,0.1117964535951614,0.3722201287746429,1.0,0.0207019429653882,125
185,35,0.2262846529483795,0.12762551009655,0.3650029599666595,1e-06,1.0,0.0255475454032421,0.201076477766037,0.1118179634213447,0.3722240030765533,1.0,0.0207099113613367,125
186,36,0.2262711226940155,0.1276170015335083,0.3650000989437103,1e-07,1.0,0.0255416743457317,0.2011433690786361,0.1118593513965606,0.3722193837165832,1.0,0.0207305941730737,125
187,37,0.2262749373912811,0.1276193857192993,0.364999920129776,1e-07,1.0,0.0255427695810794,0.2011890262365341,0.1118876188993454,0.3722167611122131,1.0,0.020743541419506,125
188,38,0.226279154419899,0.1276220828294754,0.3649996817111969,1e-07,1.0,0.0255437660962343,0.2012198567390442,0.1119067147374153,0.3722151815891266,1.0,0.0207520443946123,125
189,39,0.2262832969427108,0.1276247352361679,0.3649994730949402,1e-07,1.0,0.0255442075431346,0.201240599155426,0.1119195520877838,0.3722144961357116,1.0,0.0207591690123081,125
190,40,0.2262871861457824,0.1276272237300872,0.3649992048740387,1e-07,1.0,0.0255448669195175,0.201253741979599,0.1119277030229568,0.3722141683101654,1.0,0.0207626931369304,125
191,41,0.22629114985466,0.1276297569274902,0.364998996257782,1e-07,1.0,0.0255454275757074,0.2012627273797989,0.1119332313537597,0.3722147643566131,1.0,0.0207646843045949,125
192,42,0.226294994354248,0.1276321560144424,0.3649986982345581,1e-07,1.0,0.0255460683256387,0.2012695372104644,0.1119374558329582,0.3722147345542907,1.0,0.0207662936300039,125
193,43,0.226298376917839,0.1276343315839767,0.3649984002113342,1e-07,1.0,0.0255469884723424,0.2012700736522674,0.111937791109085,0.3722157776355743,1.0,0.0207667537033557,125
194,44,0.2263011485338211,0.1276360899209976,0.3649981915950775,1e-07,1.0,0.025547569617629,0.2012734711170196,0.1119398921728134,0.3722160756587982,1.0,0.020766906440258,125
195,45,0.2263038009405136,0.1276378035545349,0.3649978637695312,1e-07,1.0,0.0255482401698827,0.201274499297142,0.1119405701756477,0.3722166717052459,1.0,0.0207667537033557,125
196,0,0.20440773665905,0.1138773784041404,0.4643249213695526,0.0001,0.9946339130401612,0.052939049899578,0.2064370363950729,0.1151007190346717,0.5959919691085815,0.0,0.0,150
197,1,0.1950272172689438,0.1080684959888458,0.3841711282730102,0.0001,0.9997602701187134,0.0205859076231718,0.1963030695915222,0.108835257589817,0.5122258067131042,0.0,0.0,150
198,2,0.1986760199069976,0.1103183105587959,0.3776594400405884,0.0001,0.9998566508293152,0.0215195547789335,0.1865464001893997,0.102869376540184,0.4609654247760772,0.0,0.0,150
199,3,0.2049708664417266,0.1142187118530273,0.3744502663612366,0.0001,0.9999935030937196,0.022995064035058,0.1769595295190811,0.0970695540308952,0.430591732263565,0.0,0.0,150
200,4,0.211223155260086,0.1181111559271812,0.3717614412307739,0.0001,1.0,0.0244738049805164,0.1667188704013824,0.0909411683678627,0.4124687016010284,1.0,8.297831186609983e-07,150
201,5,0.2153643667697906,0.120704598724842,0.3702307343482971,0.0001,1.0,0.0251882895827293,0.1561955958604812,0.0847144871950149,0.4031575322151184,1.0,3.446791424721596e-06,150
202,6,0.2169213593006134,0.1216850951313972,0.3696636259555816,0.0001,1.0,0.0253868550062179,0.1483199596405029,0.0801007747650146,0.3998042345046997,1.0,5.425505150924437e-06,150
203,7,0.2193787842988968,0.1232376024127006,0.3688541352748871,0.0001,1.0,0.0258237142115831,0.1463297009468078,0.078941136598587,0.3994775116443634,1.0,7.085071501933271e-06,150
204,8,0.2204853892326355,0.1239384040236473,0.3684146404266357,0.0001,1.0,0.0258613489568233,0.1406992524862289,0.0756737068295478,0.3988724648952484,1.0,6.765923899365589e-06,150
205,9,0.2219577729701995,0.1248651817440986,0.3679289817810058,0.0001,1.0,0.0260334536433219,0.1426275074481964,0.0767932012677192,0.3951460123062134,1.0,0.0009513144614174,150
206,10,0.2224182337522506,0.1251565814018249,0.3677274584770202,0.0001,1.0,0.0261480696499347,0.1481267660856247,0.0799924954771995,0.3923248648643493,1.0,0.0027505396865308,150
207,11,0.2231870591640472,0.1256455481052398,0.3675737977027893,0.0001,1.0,0.0262096635997295,0.1823964715003967,0.1003759652376174,0.3794606029987335,1.0,0.0129835531115531,150
208,12,0.2232042700052261,0.1256577223539352,0.3675695061683655,0.0001,1.0,0.0262463800609111,0.206638753414154,0.1152561902999877,0.3743411600589752,1.0,0.022420484572649,150
209,13,0.2229935973882675,0.1255258023738861,0.3676043748855591,0.0001,1.0,0.0261720810085535,0.2144578099250793,0.1201422289013862,0.372229129076004,1.0,0.0257120430469512,150
210,14,0.2235229462385177,0.1258628368377685,0.3673354387283325,0.0001,1.0,0.0262304712086915,0.212640181183815,0.1190107241272926,0.3710696101188659,1.0,0.0241214130073785,150
211,15,0.2251376062631607,0.1268854737281799,0.3667456805706024,0.0001,1.0,0.0263461638242006,0.1941625475883484,0.1075640842318534,0.3747885525226593,1.0,0.0172134041786193,150
212,16,0.2264540791511535,0.1277243196964264,0.3663628995418548,0.0001,1.0,0.02647565305233,0.2002463340759277,0.1113067641854286,0.3724882304668426,1.0,0.019026480615139,150
213,17,0.2274558842182159,0.1283625662326812,0.3660603761672973,0.0001,1.0,0.0265099518001079,0.1980328559875488,0.1099396049976348,0.3731434047222137,1.0,0.0182049311697483,150
214,18,0.2278058975934982,0.128586545586586,0.3659567534923553,0.0001,1.0,0.0264740549027919,0.2060940712690353,0.1149198710918426,0.3711280226707458,1.0,0.0211957897990942,150
215,19,0.2276454865932464,0.12848562002182,0.3660793006420135,0.0001,1.0,0.0264956280589103,0.2102962136268615,0.1175443828105926,0.370998740196228,1.0,0.0229566525667905,150
216,20,0.2279151678085327,0.1286565959453582,0.3657109439373016,1e-05,1.0,0.0264539457857608,0.2130556106567382,0.1192709729075431,0.3699499666690826,1.0,0.0234219059348106,150
217,21,0.2286458313465118,0.1291237920522689,0.3655300438404083,1e-05,1.0,0.0265048183500766,0.2124953418970108,0.1189194470643997,0.3699191212654114,1.0,0.0232340563088655,150
218,22,0.2289087325334549,0.1292918771505355,0.3654583394527435,1e-05,1.0,0.0265237987041473,0.2120904773473739,0.1186658963561058,0.3699492812156677,1.0,0.0230932477861642,150
219,23,0.2290859073400497,0.1294050961732864,0.3654029071331024,1e-05,1.0,0.0265276432037353,0.2118918895721435,0.1185417622327804,0.3699890375137329,1.0,0.0230136532336473,150
220,24,0.2292378097772598,0.1295021921396255,0.3653569221496582,1e-05,1.0,0.0265281628817319,0.2117392271757125,0.1184464991092681,0.3700363039970398,1.0,0.0229560788720846,150
221,25,0.2293698489665985,0.129586637020111,0.3653170168399811,1e-05,1.0,0.0265315249562263,0.2116108536720276,0.1183665171265602,0.3700860440731048,1.0,0.0229018870741128,150
222,26,0.2293653339147567,0.129583865404129,0.3652806878089905,1e-06,1.0,0.0265828799456357,0.2117970287799835,0.1184830963611602,0.3701110184192657,1.0,0.0229006744921207,150
223,27,0.2294089794158935,0.1296117752790451,0.3652609586715698,1e-06,1.0,0.0265388209372758,0.212022379040718,0.118624210357666,0.3701213896274566,1.0,0.0229438859969377,150
224,28,0.2294817566871643,0.1296583116054535,0.3652555346488952,1e-06,1.0,0.0265353713184595,0.2121919840574264,0.1187305152416229,0.3701208829879761,1.0,0.0229899082332849,150
225,29,0.2295198887586593,0.1296826899051666,0.3652519285678863,1e-06,1.0,0.0265359245240688,0.2122966796159744,0.1187961250543594,0.3701204657554626,1.0,0.0230225250124931,150
226,30,0.2295433729887008,0.12969771027565,0.3652485311031341,1e-06,1.0,0.0265371799468994,0.2123598307371139,0.1188356950879097,0.3701233863830566,1.0,0.0230396948754787,150
227,31,0.2295749932527542,0.1297179013490677,0.3652436137199402,1e-07,1.0,0.0265519004315137,0.2124554067850113,0.1188955605030059,0.370118111371994,1.0,0.0230716727674007,150
228,32,0.2295727133750915,0.1297164857387542,0.3652431964874267,1e-07,1.0,0.0265498626977205,0.2125156968832016,0.1189333423972129,0.3701145052909851,1.0,0.0230903755873441,150
229,33,0.2295718491077423,0.1297158598899841,0.3652428984642029,1e-07,1.0,0.0265477802604436,0.212549015879631,0.1189542114734649,0.3701139688491821,1.0,0.0231002047657966,150
230,34,0.229571133852005,0.1297154277563095,0.3652424812316894,1e-07,1.0,0.0265462193638086,0.2125714421272277,0.1189682781696319,0.3701134324073791,1.0,0.0231067799031734,150
231,35,0.2295702993869781,0.1297148913145065,0.3652421832084656,1e-07,1.0,0.0265444368124008,0.2125829309225082,0.1189754754304885,0.3701138496398926,1.0,0.0231094602495431,150
232,36,0.2295703738927841,0.1297149509191513,0.3652417063713074,1e-07,1.0,0.0265428610146045,0.2125897705554962,0.1189797297120094,0.3701143860816955,1.0,0.0231108013540506,150
233,37,0.2295708507299423,0.1297152489423751,0.3652413785457611,1e-07,1.0,0.0265418030321598,0.2125895023345947,0.118979588150978,0.3701151907444,1.0,0.0231102257966995,150
234,38,0.2295710891485214,0.1297154277563095,0.3652410209178924,1e-07,1.0,0.0265408009290695,0.2125886976718902,0.1189790889620781,0.3701167404651642,1.0,0.0231097787618637,150
235,39,0.2295719981193542,0.1297160387039184,0.365240603685379,1e-07,1.0,0.0265400316566228,0.2125880420207977,0.1189786717295646,0.3701178431510925,1.0,0.0231085661798715,150
236,40,0.2295725047588348,0.1297163367271423,0.3652401864528656,1e-07,1.0,0.0265390090644359,0.2125867754220962,0.1189778968691825,0.3701184093952179,1.0,0.0231073535978794,150
237,41,0.2295731157064438,0.1297167092561721,0.3652397096157074,1e-07,1.0,0.0265386048704385,0.2125861495733261,0.1189774945378303,0.3701190948486328,1.0,0.0231077373027801,150
238,0,0.2133739739656448,0.1194455102086067,0.5188248157501221,0.0001,0.9958789944648744,0.1143818795680999,0.2082149684429168,0.1162074431777,0.6141944527626038,0.7916136384010315,0.0099076498299837,175
239,1,0.2039958238601684,0.1135967373847961,0.3910031318664551,0.0001,0.9998706579208374,0.0226946044713258,0.1984110474586486,0.1101330071687698,0.5246007442474365,0.981139600276947,0.0038993416819721,175
240,2,0.2081730812788009,0.1162018403410911,0.3778567612171173,0.0001,1.0,0.0233063995838165,0.1856154799461364,0.1023037433624267,0.4578463435173034,0.3549107015132904,8.69936866365606e-06,175
241,3,0.2119919210672378,0.1185873299837112,0.3733526766300201,0.0001,1.0,0.0246278587728738,0.1724190264940261,0.0943440720438957,0.4256954789161682,0.5125448107719421,7.823960913810879e-06,175
242,4,0.2146101146936416,0.1202247738838195,0.3712360858917236,0.0001,1.0,0.0252030976116657,0.1615574061870575,0.087878294289112,0.411684513092041,0.0,0.0,175
243,5,0.2151235193014145,0.1205497160553932,0.3703176081180572,0.0001,1.0,0.0250481609255075,0.1523619443178177,0.082463838160038,0.4031977951526642,0.0,0.0,175
244,6,0.2170420736074447,0.1217531338334083,0.369373619556427,0.0001,1.0,0.0253556948155164,0.1464784890413284,0.0790278390049934,0.4000047743320465,0.0,0.0,175
245,7,0.2190233469009399,0.1230024099349975,0.3685289621353149,0.0001,1.0,0.0255891364067792,0.14678256213665,0.0792059451341629,0.395296186208725,1.0,0.0001669840712565,175
246,8,0.2206803262233734,0.1240483298897743,0.3678660690784454,0.0001,1.0,0.0257009752094745,0.1474961340427398,0.0796251446008682,0.3929182589054107,1.0,0.0007622616831213,175
247,9,0.2212506383657455,0.1244101971387863,0.3676320016384125,0.0001,1.0,0.0257038567215204,0.1640077978372573,0.0893453657627105,0.3849197626113891,1.0,0.0057303118519485,175
248,10,0.2221027165651321,0.1249499171972274,0.3673727214336395,0.0001,1.0,0.0256900526583194,0.1954178810119629,0.1083076447248458,0.3753817081451416,1.0,0.0174142215400934,175
249,11,0.2226464003324508,0.1252961903810501,0.3671810328960418,0.0001,1.0,0.0258309990167617,0.185433492064476,0.1022069975733757,0.3771888613700866,1.0,0.0141500979661941,175
250,12,0.2228167057037353,0.1254044622182846,0.3671095371246338,0.0001,1.0,0.0257258005440235,0.2073026448488235,0.1156579926609993,0.3727492094039917,1.0,0.0223870296031236,175
251,13,0.2235260009765625,0.1258556544780731,0.366769015789032,0.0001,1.0,0.0257708523422479,0.215313583612442,0.1206676810979843,0.37050262093544,1.0,0.0251081846654415,175
252,14,0.2247499376535415,0.1266324073076248,0.3664279878139496,0.0001,1.0,0.0259747169911861,0.2150087505578994,0.1204783543944358,0.3708195686340332,1.0,0.0252997893840074,175
253,15,0.2251639068126678,0.1268928945064544,0.3662054240703583,0.0001,1.0,0.0258413236588239,0.2165550589561462,0.1214501857757568,0.3711555302143097,1.0,0.0257807169109582,175
254,16,0.2254561185836792,0.1270816624164581,0.3660914897918701,0.0001,1.0,0.0259176585823297,0.2135092765092849,0.1195372194051742,0.3705158531665802,1.0,0.0239577330648899,175
255,17,0.2256072610616684,0.1271762996912002,0.3660684823989868,0.0001,1.0,0.0259921681135892,0.2184875607490539,0.1226733401417732,0.3701953589916229,1.0,0.0262373518198728,175
256,18,0.225869819521904,0.1273428052663803,0.3660134673118591,0.0001,1.0,0.025992190465331,0.2089511305093765,0.1166859716176986,0.3712840676307678,1.0,0.0227353330701589,175
257,19,0.2255776673555374,0.1271559745073318,0.3660509288311004,0.0001,1.0,0.0259206313639879,0.2053305804729461,0.1144368126988411,0.3713017404079437,1.0,0.0210645589977502,175
258,20,0.2253456115722656,0.1270122826099395,0.3661331832408905,0.0001,1.0,0.0259993765503168,0.2145284414291381,0.1201800629496574,0.3702466189861297,1.0,0.0238944254815578,175
259,21,0.2262750416994094,0.1276024580001831,0.3658071160316467,0.0001,1.0,0.026003498584032,0.2188117802143097,0.1228767931461334,0.3700520098209381,1.0,0.0261558778584003,175
260,22,0.2273955643177032,0.1283160150051117,0.3654356598854065,0.0001,1.0,0.0260463822633028,0.2133383899927139,0.1194352805614471,0.3701557517051697,1.0,0.0234585292637348,175
261,23,0.227743461728096,0.1285373866558075,0.3653369843959808,0.0001,1.0,0.0261076353490352,0.2134490609169006,0.1195034831762313,0.3702518343925476,1.0,0.023221293464303,175
262,24,0.22734335064888,0.1282835155725479,0.3655214607715606,0.0001,1.0,0.0261396244168281,0.2150285840034485,0.120494894683361,0.3701144456863403,1.0,0.0244936477392911,175
263,25,0.2268172055482864,0.1279488801956176,0.3656747043132782,0.0001,1.0,0.0260048098862171,0.2181951701641082,0.1224870011210441,0.3714483678340912,1.0,0.0279583483934402,175
264,26,0.2268442064523697,0.1279657185077667,0.3656250238418579,0.0001,1.0,0.0259635783731937,0.2073482573032379,0.1156922951340675,0.371684730052948,1.0,0.0220202915370464,175
265,27,0.2275094240903854,0.1283888965845108,0.365424782037735,1e-05,1.0,0.0264111068099737,0.2149975299835205,0.120472639799118,0.3696432411670685,1.0,0.0240930393338203,175
266,28,0.2279781103134155,0.1286874413490295,0.3651773631572723,1e-05,1.0,0.0261026788502931,0.2149061560630798,0.1204156577587127,0.3695581555366516,1.0,0.0241535454988479,175
267,29,0.2281415313482284,0.1287917643785476,0.3651172220706939,1e-05,1.0,0.026112949475646,0.2146465629339218,0.1202528104186058,0.3695632815361023,1.0,0.0240444485098123,175
268,30,0.2282801270484924,0.1288802623748779,0.3650771379470825,1e-05,1.0,0.0261165089905262,0.2144368290901184,0.1201211884617805,0.3695889711380005,1.0,0.0239417515695095,175
269,31,0.2283940017223358,0.1289530098438263,0.3650456368923187,1e-05,1.0,0.0261191129684448,0.2142371386289596,0.1199958622455596,0.3696213066577911,1.0,0.0238408632576465,175
270,32,0.2284893244504928,0.1290138661861419,0.3650195896625519,1e-05,1.0,0.0261214263737201,0.214096650481224,0.1199077367782592,0.3696514964103699,1.0,0.0237622987478971,175
271,33,0.2287673354148864,0.1291914284229278,0.3649945855140686,1e-06,1.0,0.0261106304824352,0.214024469256401,0.1198625266551971,0.369648665189743,1.0,0.0237522814422845,175
272,34,0.2286850064992904,0.1291389018297195,0.3649862408638,1e-06,1.0,0.0261125527322292,0.2139291167259216,0.1198027282953262,0.3696579933166504,1.0,0.0237254723906517,175
273,35,0.2286366373300552,0.1291080564260482,0.364982545375824,1e-06,1.0,0.0261133331805467,0.2138919085264206,0.1197793781757354,0.3696661591529846,1.0,0.0237159524112939,175
274,36,0.2286208868026733,0.129098042845726,0.3649801015853882,1e-06,1.0,0.026114534586668,0.2138711512088775,0.119766391813755,0.3696718513965606,1.0,0.0237090568989515,175
275,37,0.228618174791336,0.1290963292121887,0.3649779260158539,1e-06,1.0,0.026116082444787,0.2138668745756149,0.1197637170553207,0.369676262140274,1.0,0.0237058904021978,175
276,38,0.2286031991243362,0.1290868520736694,0.3649749755859375,1e-07,1.0,0.026106895878911,0.2138838022947311,0.1197743266820907,0.369676798582077,1.0,0.023710923269391,175
277,39,0.2286069840192794,0.1290892362594604,0.364974707365036,1e-07,1.0,0.0261080805212259,0.2138929218053817,0.1197800636291503,0.3696772754192352,1.0,0.0237134341150522,175
278,40,0.228610560297966,0.1290914714336395,0.3649745285511017,1e-07,1.0,0.0261087920516729,0.2138962298631668,0.1197821795940399,0.369677871465683,1.0,0.0237153526395559,175
279,41,0.2286140173673629,0.1290937513113021,0.3649743199348449,1e-07,1.0,0.0261097960174083,0.2139005064964294,0.1197848170995712,0.3696782290935516,1.0,0.0237172152847051,175
280,42,0.2286171615123748,0.129095658659935,0.3649741411209106,1e-07,1.0,0.0261106304824352,0.2139019966125488,0.1197857707738876,0.3696787059307098,1.0,0.0237188544124364,175
281,43,0.2286193221807479,0.1290971040725708,0.3649738132953644,1e-07,1.0,0.0261115692555904,0.2139043807983398,0.1197872683405876,0.369678795337677,1.0,0.0237187445163726,175
282,44,0.2286223173141479,0.1290990263223648,0.3649736046791076,1e-07,1.0,0.0261124186217784,0.2139056771993637,0.1197880879044532,0.3696794509887695,1.0,0.0237193442881107,175
283,45,0.2286247164011001,0.1291005611419677,0.3649734258651733,1e-07,1.0,0.026112837716937,0.2139071971178054,0.1197890415787696,0.3696797490119934,1.0,0.0237190201878547,175
284,46,0.2286272943019867,0.1291021853685379,0.3649731874465942,1e-07,1.0,0.0261135157197713,0.2139086574316024,0.1197899430990219,0.369680106639862,1.0,0.0237196199595928,175
285,47,0.2286296188831329,0.1291036605834961,0.3649729192256927,1e-07,1.0,0.0261143874377012,0.2139069736003875,0.1197889149188995,0.3696808218955993,1.0,0.0237188022583723,175
286,48,0.2286308705806732,0.1291045099496841,0.3649726510047912,1e-07,1.0,0.0261150114238262,0.2139078825712204,0.1197894513607025,0.3696810007095337,1.0,0.023718686774373,175
287,0,0.2031340152025222,0.1130658537149429,0.4507693946361542,0.0001,0.9956925511360168,0.0547387115657329,0.2044453620910644,0.1138639003038406,0.5611476898193359,0.0,0.0,200
288,1,0.1972087919712066,0.1094082370400428,0.3792931139469147,0.0001,0.9999147653579712,0.0211550444364547,0.1909965872764587,0.1055827885866165,0.4743965566158294,0.0,0.0,200
289,2,0.2040359079837799,0.1136266365647316,0.3737048804759979,0.0001,0.9999964833259584,0.022674573585391,0.1761519014835357,0.0965837389230728,0.4321691989898681,0.0,0.0,200
290,3,0.2090925276279449,0.1167704313993454,0.3713164031505584,0.0001,0.9999993443489076,0.0238632410764694,0.1584289669990539,0.0860298871994018,0.4100764393806457,0.0,0.0,200
291,4,0.212788313627243,0.119079366326332,0.3699227273464203,0.0001,1.0,0.0245188325643539,0.1460521072149276,0.078779399394989,0.403308629989624,0.0,0.0,200
292,5,0.2153137624263763,0.1206653788685798,0.3690232932567596,0.0001,1.0,0.0247553270310163,0.138079360127449,0.0741599053144455,0.4035888314247131,1.0,2.872336892778549e-07,200
293,6,0.2158081084489822,0.1209754571318626,0.3688397705554962,0.0001,1.0,0.0247899126261472,0.1357931047677993,0.0728425234556198,0.4035534858703613,1.0,3.35105937665503e-07,200
294,7,0.21665920317173,0.1215133741497993,0.3686457276344299,0.0001,1.0,0.0250535234808921,0.1410404592752456,0.0758740156888961,0.3994386494159698,1.0,0.0009390627965331,200
295,8,0.2180414199829101,0.1223820447921752,0.3680581450462341,0.0001,1.0,0.0251751784235239,0.1831501275300979,0.1008267998695373,0.3817673623561859,1.0,0.0129772201180458,200
296,9,0.2195638865232467,0.1233434826135635,0.3674724996089935,0.0001,1.0,0.0252492111176252,0.1698275953531265,0.0928181409835815,0.3851699531078338,1.0,0.0092257559299469,200
297,10,0.2202135771512985,0.1237539052963256,0.3672386109828949,0.0001,1.0,0.0253137536346912,0.1823990195989608,0.1004028767347335,0.3797329068183899,1.0,0.0131547302007675,200
298,11,0.2202182859182357,0.1237586960196495,0.367253690958023,0.0001,1.0,0.0252872016280889,0.2129511833190918,0.1192091554403305,0.3721608817577362,1.0,0.023287234827876,200
299,12,0.2211774140596389,0.1243627443909645,0.3669506907463074,0.0001,1.0,0.0254730097949504,0.2189697921276092,0.1229954808950424,0.3704334795475006,1.0,0.0251693334430456,200
300,13,0.2219802439212799,0.1248737350106239,0.3666382133960724,0.0001,1.0,0.0254150666296482,0.2115530669689178,0.1183333992958068,0.3713003993034363,1.0,0.0222300235182046,200
301,14,0.2231567502021789,0.1256190240383148,0.3662506341934204,0.0001,1.0,0.0255146231502294,0.2218424379825592,0.1247987300157547,0.3705384135246277,1.0,0.0263196565210819,200
302,15,0.223645731806755,0.1259286850690841,0.3660607039928436,0.0001,1.0,0.0254642162472009,0.2199287116527557,0.1235918179154396,0.3702773749828338,1.0,0.0252041369676589,200
303,16,0.2239477932453155,0.1261210441589355,0.3660205900669098,0.0001,1.0,0.0255765542387962,0.2157793790102005,0.1209773421287536,0.3713627457618713,1.0,0.023928340524435,200
304,17,0.2236655354499817,0.1259434223175048,0.3660971224308014,0.0001,1.0,0.0255100801587104,0.2218681275844574,0.1248146444559097,0.3712593913078308,1.0,0.0274145435541868,200
305,18,0.2237272411584854,0.1259822249412536,0.3660639822483063,0.0001,1.0,0.0254885666072368,0.2190740406513214,0.1230576261878013,0.3709183931350708,1.0,0.0262553170323371,200
306,19,0.2239808291196823,0.126142680644989,0.3659526109695434,0.0001,1.0,0.0254991482943296,0.2192510664463043,0.1231767758727073,0.3706086277961731,1.0,0.0260074827820062,200
307,20,0.2247646600008011,0.1266424059867859,0.3656800985336303,0.0001,1.0,0.0255748648196458,0.2154595851898193,0.1207952946424484,0.3712593615055084,1.0,0.02396553568542,200
308,21,0.2255964279174804,0.1271699517965316,0.3653497695922851,1e-05,1.0,0.0257150493562221,0.219022199511528,0.1230282932519912,0.3701491951942444,1.0,0.0244790632277727,200
309,22,0.2260904014110565,0.1274838596582412,0.365192711353302,1e-05,1.0,0.0256331358104944,0.2186883389949798,0.1228178292512893,0.3701637387275696,1.0,0.0244015585631132,200
310,23,0.2262481898069381,0.1275843381881714,0.3651445209980011,1e-05,1.0,0.0256373696029186,0.2183958292007446,0.1226336732506752,0.3702186346054077,1.0,0.0243089701980352,200
311,24,0.2263786345720291,0.1276675313711166,0.3651061952114105,1e-05,1.0,0.0256412029266357,0.2181840240955352,0.122500441968441,0.3702832460403442,1.0,0.0242318026721477,200
312,25,0.2264913618564605,0.1277393847703933,0.3650742173194885,1e-05,1.0,0.0256455037742853,0.2180517613887787,0.1224173307418823,0.3703450560569763,1.0,0.0241751708090305,200
313,26,0.2265894711017608,0.1278019249439239,0.3650466203689575,1e-05,1.0,0.0256522204726934,0.2179332226514816,0.1223428845405578,0.3704060912132263,1.0,0.0241278726607561,200
314,27,0.2266273945569992,0.1278263181447982,0.3650178611278534,1e-06,1.0,0.0256302542984485,0.2183116674423217,0.1225815042853355,0.3703764975070953,1.0,0.0242492277175188,200
315,28,0.2266825288534164,0.1278613954782486,0.3650130927562713,1e-06,1.0,0.0256487447768449,0.218469426035881,0.122680976986885,0.3703698515892029,1.0,0.0243004038929939,200
316,29,0.2266992032527923,0.1278720200061798,0.3650103211402893,1e-06,1.0,0.0256543736904859,0.2185348272323608,0.1227222308516502,0.3703712224960327,1.0,0.0243212264031171,200
317,30,0.2267079651355743,0.1278775632381439,0.3650078773498535,1e-06,1.0,0.0256559606641531,0.2185556888580322,0.1227354258298873,0.3703762292861938,1.0,0.0243258234113454,200
318,31,0.2267144471406936,0.1278817504644394,0.3650055825710296,1e-06,1.0,0.0256566945463418,0.2185573875904083,0.1227365285158157,0.3703818619251251,1.0,0.0243251547217369,200
319,32,0.2267006188631057,0.1278729438781738,0.3650026619434356,1e-07,1.0,0.0256467796862125,0.2185989618301391,0.1227627247571945,0.3703797459602356,1.0,0.0243372209370136,200
320,33,0.2267058342695236,0.1278762519359588,0.3650024831295013,1e-07,1.0,0.0256477110087871,0.2186247408390045,0.1227789744734764,0.3703786730766296,1.0,0.0243446864187717,200
321,34,0.2267107218503952,0.127879336476326,0.3650022149085998,1e-07,1.0,0.0256487894803285,0.218636080622673,0.1227861419320106,0.3703785836696625,1.0,0.0243479404598474,200
322,35,0.2267137914896011,0.1278813481330871,0.3650018274784088,1e-07,1.0,0.0256501957774162,0.2186427414417266,0.1227903366088867,0.3703786134719848,1.0,0.0243510529398918,200
323,36,0.2267159074544906,0.1278826892375946,0.3650016188621521,1e-07,1.0,0.0256512314081192,0.2186439782381057,0.1227910965681076,0.3703789114952087,1.0,0.0243512913584709,200
324,37,0.2267192900180816,0.1278848201036453,0.3650013208389282,1e-07,1.0,0.0256517585366964,0.2186494320631027,0.1227945461869239,0.3703789710998535,1.0,0.0243525840342044,200
325,38,0.2267221510410308,0.1278866827487945,0.3650009930133819,1e-07,1.0,0.025652403011918,0.218650534749031,0.1227952688932418,0.3703796863555908,1.0,0.0243528727442026,200
326,39,0.226724624633789,0.1278882026672363,0.3650007247924804,1e-07,1.0,0.0256532095372676,0.2186487168073654,0.1227941289544105,0.3703808188438415,1.0,0.0243532080203294,200
327,40,0.2267268151044845,0.1278896182775497,0.3650005459785461,1e-07,1.0,0.0256537701934576,0.2186478823423385,0.1227936148643493,0.3703813552856445,1.0,0.0243532545864582,200
328,41,0.2267291396856308,0.1278910934925079,0.3650001883506775,1e-07,1.0,0.0256543923169374,0.2186461687088012,0.1227925196290016,0.3703824281692505,1.0,0.0243533048778772,200
329,0,0.1969374120235443,0.1092376187443733,0.403535783290863,0.0001,0.9989224076271056,0.0275615751743316,0.1934427767992019,0.1070794016122818,0.5017014145851135,0.0,0.0,226
330,1,0.2036143243312835,0.1133622303605079,0.3750987350940704,0.0001,0.9999629259109496,0.0224367603659629,0.1761909127235412,0.0966069176793098,0.4337290227413177,0.0,0.0,226
331,2,0.2115298211574554,0.1182899326086044,0.3719233870506286,0.0001,1.0,0.0246063023805618,0.1608318239450454,0.0874487310647964,0.4082127213478088,0.0,0.0,226
332,3,0.2159476280212402,0.1210631653666496,0.3703013658523559,0.0001,1.0,0.0254269782453775,0.1494799703359604,0.0807777270674705,0.3993119895458221,0.0,0.0,226
333,4,0.2183504402637481,0.1225754916667938,0.3694804906845093,0.0001,1.0,0.0257936511188745,0.1435219049453735,0.0773090720176696,0.3975082635879516,0.0,0.0,226
334,5,0.2198580354452133,0.1235275417566299,0.3689156770706177,0.0001,1.0,0.0258980710059404,0.1390812993049621,0.0747383460402488,0.3966868817806244,0.0,0.0,226
335,6,0.2203908115625381,0.1238641589879989,0.3686814308166504,0.0001,1.0,0.025942388921976,0.1420520395040512,0.0764635801315307,0.3923156857490539,1.0,0.0011386326514184,226
336,7,0.2219702899456024,0.1248615607619285,0.3681496977806091,0.0001,1.0,0.0261356849223375,0.1638227701187133,0.0892427936196327,0.3837122917175293,1.0,0.0077236890792846,226
337,8,0.2232901751995086,0.125699833035469,0.3676850497722626,0.0001,1.0,0.0262696165591478,0.1840659230947494,0.101394422352314,0.3763707876205444,1.0,0.0139632932841777,226
338,9,0.2245868742465973,0.1265222281217575,0.3672589063644409,0.0001,1.0,0.0263548158109188,0.2016486227512359,0.1121650710701942,0.3719239830970764,1.0,0.0196732617914676,226
339,10,0.2250767946243286,0.1268352568149566,0.3670611083507538,0.0001,1.0,0.0263825021684169,0.2138320058584213,0.1197546049952507,0.3704337775707245,1.0,0.0259469021111726,226
340,11,0.2251636981964111,0.1268908679485321,0.3670386373996734,0.0001,1.0,0.0264018792659044,0.2037778943777084,0.1134835854172706,0.371191143989563,1.0,0.0209534242749214,226
341,12,0.2262722700834274,0.1275980621576309,0.3666662871837616,0.0001,1.0,0.0264904145151376,0.2069422304630279,0.1154521033167839,0.3704673647880554,1.0,0.0218957383185625,226
342,13,0.2268250882625579,0.1279492229223251,0.3664472997188568,0.0001,1.0,0.0265014749020338,0.2089292258024215,0.1166896224021911,0.37050461769104,1.0,0.0224695112556219,226
343,14,0.2271959334611892,0.1281852573156356,0.366335391998291,0.0001,1.0,0.0265225935727357,0.2108334302902221,0.1178768798708915,0.3700758516788482,1.0,0.023458631709218,226
344,15,0.2275097221136093,0.1283865571022033,0.3662101328372955,0.0001,1.0,0.0265146009624004,0.2117473781108856,0.1184478253126144,0.3703299164772033,1.0,0.0241660848259925,226
345,16,0.2276816517114639,0.1284959018230438,0.3661539852619171,0.0001,1.0,0.026533106341958,0.2105250805616378,0.1176859512925148,0.3707319498062134,1.0,0.02342583052814,226
346,17,0.2277635186910629,0.1285467147827148,0.3661365807056427,0.0001,1.0,0.0265639293938875,0.2093192189931869,0.1169344261288642,0.3704081177711487,1.0,0.0225075408816337,226
347,18,0.2285134494304657,0.1290268003940582,0.3658798336982727,0.0001,1.0,0.0265670008957386,0.2166264951229095,0.1215093433856964,0.3700428307056427,1.0,0.0259088352322578,226
348,19,0.2289119660854339,0.129281610250473,0.3657552003860473,0.0001,1.0,0.026601729914546,0.2127895355224609,0.1191054508090019,0.3707989156246185,1.0,0.0246326122432947,226
349,20,0.2290509045124054,0.1293700635433197,0.3656058311462402,1e-05,1.0,0.0266151931136846,0.2163661867380142,0.1213496327400207,0.3696989417076111,1.0,0.0251549519598484,226
350,21,0.2298153191804886,0.1298584342002868,0.3653717041015625,1e-05,1.0,0.0266298614442348,0.2150814086198806,0.1205425262451171,0.3696811199188232,1.0,0.0247033610939979,226
351,22,0.2300112545490265,0.1299839615821838,0.3653128445148468,1e-05,1.0,0.0266344118863344,0.2144815027713775,0.1201662570238113,0.3697072565555572,1.0,0.0244638826698064,226
352,23,0.2301704436540603,0.1300859153270721,0.3652678430080414,1e-05,1.0,0.0266386214643716,0.2141769379377365,0.1199754625558853,0.3697429895401001,1.0,0.0243088919669389,226
353,24,0.2302973866462707,0.1301672905683517,0.3652310371398926,1e-05,1.0,0.0266438908874988,0.2139543443918228,0.1198360919952392,0.3697825968265533,1.0,0.0241846740245819,226
354,25,0.2304050475358963,0.130236268043518,0.3651995956897735,1e-05,1.0,0.0266503188759088,0.2137869596481323,0.1197313442826271,0.3698213994503021,1.0,0.0240782387554645,226
355,26,0.2304586917161941,0.1302705407142639,0.3651599884033203,1e-06,1.0,0.0266565103083848,0.2139191031455993,0.1198144257068634,0.3698449730873108,1.0,0.0240510776638984,226
356,27,0.2305039018392563,0.1302994489669799,0.3651556968688965,1e-06,1.0,0.026643119752407,0.2140063643455505,0.1198691874742508,0.3698558509349823,1.0,0.0240594800561666,226
357,28,0.2305245250463485,0.1303127110004425,0.3651531636714935,1e-06,1.0,0.0266478732228279,0.2140441834926605,0.1198929920792579,0.3698620200157165,1.0,0.0240616854280233,226
358,29,0.2305386960506439,0.1303217411041259,0.3651507794857025,1e-06,1.0,0.026651531457901,0.2140489816665649,0.1198960095643997,0.3698680698871612,1.0,0.0240578670054674,226
359,30,0.2305506318807602,0.1303294152021408,0.3651482462882995,1e-06,1.0,0.0266529824584722,0.2140415608882904,0.1198914125561714,0.369874358177185,1.0,0.0240516699850559,226
360,31,0.2305283695459365,0.1303151696920395,0.3651440441608429,1e-07,1.0,0.026633957400918,0.214091882109642,0.1199229732155799,0.3698754012584686,1.0,0.0240653362125158,226
361,32,0.2305365353822708,0.1303204149007797,0.3651438355445862,1e-07,1.0,0.0266386494040489,0.2141211181879043,0.1199413388967514,0.3698758482933044,1.0,0.0240748431533575,226
362,33,0.2305440604686737,0.1303252130746841,0.3651434481143951,1e-07,1.0,0.0266420617699623,0.2141357660293579,0.119950532913208,0.3698768019676208,1.0,0.0240797661244869,226
363,34,0.2305494546890258,0.1303286999464035,0.365143209695816,1e-07,1.0,0.0266448780894279,0.2141454666852951,0.1199566274881362,0.3698768615722656,1.0,0.0240834988653659,226
364,35,0.2305541485548019,0.130331665277481,0.3651429116725921,1e-07,1.0,0.0266473423689603,0.214148461818695,0.1199585050344467,0.3698770701885223,1.0,0.0240856651216745,226
365,36,0.2305583655834198,0.1303344070911407,0.3651427030563354,1e-07,1.0,0.0266489870846271,0.2141524851322174,0.1199610158801078,0.3698772192001343,1.0,0.0240872353315353,226
366,37,0.2305620312690735,0.1303366869688034,0.3651423156261444,1e-07,1.0,0.0266504436731338,0.2141537070274353,0.1199618130922317,0.3698773682117462,1.0,0.024087319150567,226
367,38,0.230565071105957,0.1303386688232422,0.3651420474052429,1e-07,1.0,0.0266517400741577,0.2141534388065338,0.1199616119265556,0.3698780238628387,1.0,0.0240873228758573,226
368,39,0.2305678725242614,0.1303404420614242,0.365141749382019,1e-07,1.0,0.0266527310013771,0.2141522765159607,0.1199609190225601,0.3698787987232208,1.0,0.0240856651216745,226
369,40,0.2305702865123748,0.1303420066833496,0.3651414811611175,1e-07,1.0,0.0266532637178897,0.2141521275043487,0.1199608072638511,0.3698791265487671,1.0,0.0240849014371633,226
370,41,0.2305731177330017,0.130343809723854,0.3651410937309265,1e-07,1.0,0.0266538560390472,0.21414814889431,0.1199583485722541,0.3698802292346954,1.0,0.024082738906145,226
